[
    {
        "fields": {
            "name": "Experiment 1",
            "date": "2016-10-23",
            "display": true
        },
        "model": "api.dataset",
        "pk": 1
    },
    {
        "fields": {
            "name": "Experiment 2",
            "date": "2016-10-30",
            "display": true
        },
        "model": "api.dataset",
        "pk": 2
    },
    {
        "fields": {
            "description": "The total number of bookmarks recorded.",
            "name": "Number of bookmarks",
            "source_name": "bookmarks_avg",
            "tooltip": "{y}% of {pop} records have {x} bookmarks",
            "type": "N"
        },
        "model": "api.metric",
        "pk": 1
    },
    {
        "fields": {
            "description": "The total number of add-ons per profile, both active and inactive.",
            "name": "Number of add-ons",
            "source_name": "addon_count_avg",
            "tooltip": "{y}% of {pop} records have {x} add-ons",
            "type": "N"
        },
        "model": "api.metric",
        "pk": 2
    },
    {
        "fields": {
            "description": "This is the distribution of operating system usage.\r\n\r\nCategorical variables are sorted by the prevalence in the population of all records, from most common to least.",
            "name": "Operating system",
            "source_name": "os_name_mode",
            "tooltip": "{p}% of {pop} records are {x}",
            "type": "C"
        },
        "model": "api.metric",
        "pk": 3
    },
    {
        "fields": {
            "description": "CPU architecture. This value may not be accurately reported on all OSes.\r\n\r\nCategorical variables are sorted by the prevalence in the population of all records, from most common to least.",
            "name": "CPU Architecture",
            "source_name": "architecture_mode",
            "tooltip": "{p}% of {pop} records have {x} architecture",
            "type": "C"
        },
        "model": "api.metric",
        "pk": 4
    },
    {
        "fields": {
            "description": "This panel depicts the distribution of the number of plugins per client.",
            "name": "Number of plugins",
            "source_name": "plugins_count_avg",
            "tooltip": "{y}% of {pop} records have {x} plugins",
            "type": "N"
        },
        "model": "api.metric",
        "pk": 5
    },
    {
        "fields": {
            "description": "This graph depicts the distribution of the total number of searches recorded in the entire history of each client.",
            "name": "Total searches",
            "source_name": "search_counts_total",
            "tooltip": "{y}% of {pop} records have {x} searches",
            "type": "N"
        },
        "model": "api.metric",
        "pk": 6
    },
    {
        "fields": {
            "description": "The number of CPUs available on the client machine.",
            "name": "CPU Count",
            "source_name": "cpu_count_mode",
            "tooltip": "{y}% of {pop} records have {x} CPUs",
            "type": "N"
        },
        "model": "api.metric",
        "pk": 7
    },
    {
        "fields": {
            "description": "The amount of memory available on the client machine, measured in MB.",
            "name": "Memory",
            "source_name": "memory_avg",
            "tooltip": "{y}% of {pop} records have {x} MB of memory",
            "type": "N"
        },
        "model": "api.metric",
        "pk": 8
    },
    {
        "fields": {
            "dataset": 1,
            "metric": 1,
            "num_observations": 10000,
            "population": "control"
        },
        "model": "api.numericcollection",
        "pk": 105
    },
    {
        "fields": {
            "bucket": 0.0,
            "collection": 105,
            "proportion": 0.1
        },
        "model": "api.numericpoint",
        "pk": 10501
    },
    {
        "fields": {
            "bucket": 1.0,
            "collection": 105,
            "proportion": 0.2
        },
        "model": "api.numericpoint",
        "pk": 10502
    },
    {
        "fields": {
            "bucket": 2.0,
            "collection": 105,
            "proportion": 0.25
        },
        "model": "api.numericpoint",
        "pk": 10503
    },
    {
        "fields": {
            "bucket": 4.0,
            "collection": 105,
            "proportion": 0.25
        },
        "model": "api.numericpoint",
        "pk": 10504
    },
    {
        "fields": {
            "bucket": 8.0,
            "collection": 105,
            "proportion": 0.1
        },
        "model": "api.numericpoint",
        "pk": 10505
    },
    {
        "fields": {
            "bucket": 16.0,
            "collection": 105,
            "proportion": 0.09
        },
        "model": "api.numericpoint",
        "pk": 10506
    },
    {
        "fields": {
            "bucket": 32.0,
            "collection": 105,
            "proportion": 0.008
        },
        "model": "api.numericpoint",
        "pk": 10507
    },
    {
        "fields": {
            "bucket": 64.0,
            "collection": 105,
            "proportion": 0.001
        },
        "model": "api.numericpoint",
        "pk": 10508
    },
    {
        "fields": {
            "bucket": 128.0,
            "collection": 105,
            "proportion": 0.001
        },
        "model": "api.numericpoint",
        "pk": 10509
    },
    {
        "fields": {
            "bucket": 256.0,
            "collection": 105,
            "proportion": 0.0
        },
        "model": "api.numericpoint",
        "pk": 10510
    },
    {
        "fields": {
            "dataset": 1,
            "metric": 2,
            "num_observations": 11000,
            "population": "control"
        },
        "model": "api.numericcollection",
        "pk": 104
    },
    {
        "fields": {
            "bucket": 0.0,
            "collection": 104,
            "proportion": 0.1
        },
        "model": "api.numericpoint",
        "pk": 10401
    },
    {
        "fields": {
            "bucket": 1.0,
            "collection": 104,
            "proportion": 0.2
        },
        "model": "api.numericpoint",
        "pk": 10402
    },
    {
        "fields": {
            "bucket": 2.0,
            "collection": 104,
            "proportion": 0.25
        },
        "model": "api.numericpoint",
        "pk": 10403
    },
    {
        "fields": {
            "bucket": 4.0,
            "collection": 104,
            "proportion": 0.25
        },
        "model": "api.numericpoint",
        "pk": 10404
    },
    {
        "fields": {
            "bucket": 8.0,
            "collection": 104,
            "proportion": 0.1
        },
        "model": "api.numericpoint",
        "pk": 10405
    },
    {
        "fields": {
            "bucket": 16.0,
            "collection": 104,
            "proportion": 0.09
        },
        "model": "api.numericpoint",
        "pk": 10406
    },
    {
        "fields": {
            "bucket": 32.0,
            "collection": 104,
            "proportion": 0.008
        },
        "model": "api.numericpoint",
        "pk": 10407
    },
    {
        "fields": {
            "bucket": 64.0,
            "collection": 104,
            "proportion": 0.001
        },
        "model": "api.numericpoint",
        "pk": 10408
    },
    {
        "fields": {
            "bucket": 128.0,
            "collection": 104,
            "proportion": 0.001
        },
        "model": "api.numericpoint",
        "pk": 10409
    },
    {
        "fields": {
            "bucket": 256.0,
            "collection": 104,
            "proportion": 0.0
        },
        "model": "api.numericpoint",
        "pk": 10410
    },
    {
        "fields": {
            "dataset": 1,
            "metric": 5,
            "num_observations": 12000,
            "population": "control"
        },
        "model": "api.numericcollection",
        "pk": 103
    },
    {
        "fields": {
            "bucket": 0.0,
            "collection": 103,
            "proportion": 0.1
        },
        "model": "api.numericpoint",
        "pk": 10301
    },
    {
        "fields": {
            "bucket": 1.0,
            "collection": 103,
            "proportion": 0.2
        },
        "model": "api.numericpoint",
        "pk": 10302
    },
    {
        "fields": {
            "bucket": 2.0,
            "collection": 103,
            "proportion": 0.25
        },
        "model": "api.numericpoint",
        "pk": 10303
    },
    {
        "fields": {
            "bucket": 4.0,
            "collection": 103,
            "proportion": 0.25
        },
        "model": "api.numericpoint",
        "pk": 10304
    },
    {
        "fields": {
            "bucket": 8.0,
            "collection": 103,
            "proportion": 0.1
        },
        "model": "api.numericpoint",
        "pk": 10305
    },
    {
        "fields": {
            "bucket": 16.0,
            "collection": 103,
            "proportion": 0.09
        },
        "model": "api.numericpoint",
        "pk": 10306
    },
    {
        "fields": {
            "bucket": 32.0,
            "collection": 103,
            "proportion": 0.008
        },
        "model": "api.numericpoint",
        "pk": 10307
    },
    {
        "fields": {
            "bucket": 64.0,
            "collection": 103,
            "proportion": 0.001
        },
        "model": "api.numericpoint",
        "pk": 10308
    },
    {
        "fields": {
            "bucket": 128.0,
            "collection": 103,
            "proportion": 0.001
        },
        "model": "api.numericpoint",
        "pk": 10309
    },
    {
        "fields": {
            "bucket": 256.0,
            "collection": 103,
            "proportion": 0.0
        },
        "model": "api.numericpoint",
        "pk": 10310
    },
    {
        "fields": {
            "dataset": 1,
            "metric": 6,
            "num_observations": 16000,
            "population": "control"
        },
        "model": "api.numericcollection",
        "pk": 102
    },
    {
        "fields": {
            "bucket": 0.0,
            "collection": 102,
            "proportion": 0.0
        },
        "model": "api.numericpoint",
        "pk": 10201
    },
    {
        "fields": {
            "bucket": 1.0,
            "collection": 102,
            "proportion": 0.001
        },
        "model": "api.numericpoint",
        "pk": 10202
    },
    {
        "fields": {
            "bucket": 2.0,
            "collection": 102,
            "proportion": 0.001
        },
        "model": "api.numericpoint",
        "pk": 10203
    },
    {
        "fields": {
            "bucket": 4.0,
            "collection": 102,
            "proportion": 0.008
        },
        "model": "api.numericpoint",
        "pk": 10204
    },
    {
        "fields": {
            "bucket": 8.0,
            "collection": 102,
            "proportion": 0.09
        },
        "model": "api.numericpoint",
        "pk": 10205
    },
    {
        "fields": {
            "bucket": 16.0,
            "collection": 102,
            "proportion": 0.25
        },
        "model": "api.numericpoint",
        "pk": 10206
    },
    {
        "fields": {
            "bucket": 32.0,
            "collection": 102,
            "proportion": 0.25
        },
        "model": "api.numericpoint",
        "pk": 10207
    },
    {
        "fields": {
            "bucket": 64.0,
            "collection": 102,
            "proportion": 0.2
        },
        "model": "api.numericpoint",
        "pk": 10208
    },
    {
        "fields": {
            "bucket": 128.0,
            "collection": 102,
            "proportion": 0.1
        },
        "model": "api.numericpoint",
        "pk": 10209
    },
    {
        "fields": {
            "bucket": 256.0,
            "collection": 102,
            "proportion": 0.1
        },
        "model": "api.numericpoint",
        "pk": 10210
    },
    {
        "fields": {
            "dataset": 1,
            "metric": 7,
            "num_observations": 13000,
            "population": "control"
        },
        "model": "api.numericcollection",
        "pk": 101
    },
    {
        "fields": {
            "bucket": 0.0,
            "collection": 101,
            "proportion": 0.1
        },
        "model": "api.numericpoint",
        "pk": 10101
    },
    {
        "fields": {
            "bucket": 1.0,
            "collection": 101,
            "proportion": 0.2
        },
        "model": "api.numericpoint",
        "pk": 10102
    },
    {
        "fields": {
            "bucket": 2.0,
            "collection": 101,
            "proportion": 0.25
        },
        "model": "api.numericpoint",
        "pk": 10103
    },
    {
        "fields": {
            "bucket": 4.0,
            "collection": 101,
            "proportion": 0.25
        },
        "model": "api.numericpoint",
        "pk": 10104
    },
    {
        "fields": {
            "bucket": 8.0,
            "collection": 101,
            "proportion": 0.1
        },
        "model": "api.numericpoint",
        "pk": 10105
    },
    {
        "fields": {
            "bucket": 16.0,
            "collection": 101,
            "proportion": 0.09
        },
        "model": "api.numericpoint",
        "pk": 10106
    },
    {
        "fields": {
            "bucket": 32.0,
            "collection": 101,
            "proportion": 0.008
        },
        "model": "api.numericpoint",
        "pk": 10107
    },
    {
        "fields": {
            "bucket": 64.0,
            "collection": 101,
            "proportion": 0.001
        },
        "model": "api.numericpoint",
        "pk": 10108
    },
    {
        "fields": {
            "bucket": 128.0,
            "collection": 101,
            "proportion": 0.001
        },
        "model": "api.numericpoint",
        "pk": 10109
    },
    {
        "fields": {
            "bucket": 256.0,
            "collection": 101,
            "proportion": 0.0
        },
        "model": "api.numericpoint",
        "pk": 10110
    },
    {
        "fields": {
            "dataset": 1,
            "metric": 8,
            "num_observations": 15000,
            "population": "control"
        },
        "model": "api.numericcollection",
        "pk": 100
    },
    {
        "fields": {
            "bucket": 0.0,
            "collection": 100,
            "proportion": 0.1
        },
        "model": "api.numericpoint",
        "pk": 10001
    },
    {
        "fields": {
            "bucket": 1.0,
            "collection": 100,
            "proportion": 0.2
        },
        "model": "api.numericpoint",
        "pk": 10002
    },
    {
        "fields": {
            "bucket": 2.0,
            "collection": 100,
            "proportion": 0.25
        },
        "model": "api.numericpoint",
        "pk": 10003
    },
    {
        "fields": {
            "bucket": 4.0,
            "collection": 100,
            "proportion": 0.25
        },
        "model": "api.numericpoint",
        "pk": 10004
    },
    {
        "fields": {
            "bucket": 8.0,
            "collection": 100,
            "proportion": 0.1
        },
        "model": "api.numericpoint",
        "pk": 10005
    },
    {
        "fields": {
            "bucket": 16.0,
            "collection": 100,
            "proportion": 0.09
        },
        "model": "api.numericpoint",
        "pk": 10006
    },
    {
        "fields": {
            "bucket": 32.0,
            "collection": 100,
            "proportion": 0.008
        },
        "model": "api.numericpoint",
        "pk": 10007
    },
    {
        "fields": {
            "bucket": 64.0,
            "collection": 100,
            "proportion": 0.001
        },
        "model": "api.numericpoint",
        "pk": 10008
    },
    {
        "fields": {
            "bucket": 128.0,
            "collection": 100,
            "proportion": 0.001
        },
        "model": "api.numericpoint",
        "pk": 10009
    },
    {
        "fields": {
            "bucket": 256.0,
            "collection": 100,
            "proportion": 0.0
        },
        "model": "api.numericpoint",
        "pk": 10010
    },
    {
        "fields": {
            "dataset": 1,
            "metric": 3,
            "num_observations": 12363,
            "population": "control"
        },
        "model": "api.categorycollection",
        "pk": 32
    },
    {
        "fields": {
            "bucket": "Windows_NT",
            "collection": 32,
            "proportion": 0.85,
            "rank": 1
        },
        "model": "api.categorypoint",
        "pk": 85
    },
    {
        "fields": {
            "bucket": "Linux",
            "collection": 32,
            "proportion": 0.10,
            "rank": 2
        },
        "model": "api.categorypoint",
        "pk": 86
    },
    {
        "fields": {
            "bucket": "Darwin",
            "collection": 32,
            "proportion": 0.04,
            "rank": 3
        },
        "model": "api.categorypoint",
        "pk": 87
    },
    {
        "fields": {
            "bucket": "Windows_98",
            "collection": 32,
            "proportion": 0.01,
            "rank": 4
        },
        "model": "api.categorypoint",
        "pk": 88
    },
    {
        "fields": {
            "dataset": 1,
            "metric": 4,
            "num_observations": 12363,
            "population": "control"
        },
        "model": "api.categorycollection",
        "pk": 31
    },
    {
        "fields": {
            "bucket": "x86",
            "collection": 31,
            "proportion": 0.85,
            "rank": 1
        },
        "model": "api.categorypoint",
        "pk": 82
    },
    {
        "fields": {
            "bucket": "x86-64",
            "collection": 31,
            "proportion": 0.14,
            "rank": 2
        },
        "model": "api.categorypoint",
        "pk": 83
    },
    {
        "fields": {
            "bucket": "arm",
            "collection": 31,
            "proportion": 0.01,
            "rank": 3
        },
        "model": "api.categorypoint",
        "pk": 84
    },
    {
        "fields": {
            "dataset": 1,
            "metric": 1,
            "num_observations": 1000,
            "population": "group A"
        },
        "model": "api.numericcollection",
        "pk": 115
    },
    {
        "fields": {
            "bucket": 0.0,
            "collection": 115,
            "proportion": 0.09
        },
        "model": "api.numericpoint",
        "pk": 11501
    },
    {
        "fields": {
            "bucket": 1.0,
            "collection": 115,
            "proportion": 0.21
        },
        "model": "api.numericpoint",
        "pk": 11502
    },
    {
        "fields": {
            "bucket": 2.0,
            "collection": 115,
            "proportion": 0.25
        },
        "model": "api.numericpoint",
        "pk": 11503
    },
    {
        "fields": {
            "bucket": 4.0,
            "collection": 115,
            "proportion": 0.25
        },
        "model": "api.numericpoint",
        "pk": 11504
    },
    {
        "fields": {
            "bucket": 8.0,
            "collection": 115,
            "proportion": 0.1
        },
        "model": "api.numericpoint",
        "pk": 11505
    },
    {
        "fields": {
            "bucket": 16.0,
            "collection": 115,
            "proportion": 0.09
        },
        "model": "api.numericpoint",
        "pk": 11506
    },
    {
        "fields": {
            "bucket": 32.0,
            "collection": 115,
            "proportion": 0.008
        },
        "model": "api.numericpoint",
        "pk": 11507
    },
    {
        "fields": {
            "bucket": 64.0,
            "collection": 115,
            "proportion": 0.001
        },
        "model": "api.numericpoint",
        "pk": 11508
    },
    {
        "fields": {
            "bucket": 128.0,
            "collection": 115,
            "proportion": 0.001
        },
        "model": "api.numericpoint",
        "pk": 11509
    },
    {
        "fields": {
            "bucket": 256.0,
            "collection": 115,
            "proportion": 0.0
        },
        "model": "api.numericpoint",
        "pk": 11510
    },
    {
        "fields": {
            "dataset": 1,
            "metric": 2,
            "num_observations": 1100,
            "population": "group A"
        },
        "model": "api.numericcollection",
        "pk": 114
    },
    {
        "fields": {
            "bucket": 0.0,
            "collection": 114,
            "proportion": 0.1
        },
        "model": "api.numericpoint",
        "pk": 11401
    },
    {
        "fields": {
            "bucket": 1.0,
            "collection": 114,
            "proportion": 0.21
        },
        "model": "api.numericpoint",
        "pk": 11402
    },
    {
        "fields": {
            "bucket": 2.0,
            "collection": 114,
            "proportion": 0.24
        },
        "model": "api.numericpoint",
        "pk": 11403
    },
    {
        "fields": {
            "bucket": 4.0,
            "collection": 114,
            "proportion": 0.26
        },
        "model": "api.numericpoint",
        "pk": 11404
    },
    {
        "fields": {
            "bucket": 8.0,
            "collection": 114,
            "proportion": 0.11
        },
        "model": "api.numericpoint",
        "pk": 11405
    },
    {
        "fields": {
            "bucket": 16.0,
            "collection": 114,
            "proportion": 0.09
        },
        "model": "api.numericpoint",
        "pk": 11406
    },
    {
        "fields": {
            "bucket": 32.0,
            "collection": 114,
            "proportion": 0.008
        },
        "model": "api.numericpoint",
        "pk": 11407
    },
    {
        "fields": {
            "bucket": 64.0,
            "collection": 114,
            "proportion": 0.001
        },
        "model": "api.numericpoint",
        "pk": 11408
    },
    {
        "fields": {
            "bucket": 128.0,
            "collection": 114,
            "proportion": 0.001
        },
        "model": "api.numericpoint",
        "pk": 11409
    },
    {
        "fields": {
            "bucket": 256.0,
            "collection": 114,
            "proportion": 0.0
        },
        "model": "api.numericpoint",
        "pk": 11410
    },
    {
        "fields": {
            "dataset": 1,
            "metric": 5,
            "num_observations": 12000,
            "population": "group A"
        },
        "model": "api.numericcollection",
        "pk": 113
    },
    {
        "fields": {
            "bucket": 0.0,
            "collection": 113,
            "proportion": 0.1
        },
        "model": "api.numericpoint",
        "pk": 11301
    },
    {
        "fields": {
            "bucket": 1.0,
            "collection": 113,
            "proportion": 0.2
        },
        "model": "api.numericpoint",
        "pk": 11302
    },
    {
        "fields": {
            "bucket": 2.0,
            "collection": 113,
            "proportion": 0.26
        },
        "model": "api.numericpoint",
        "pk": 11303
    },
    {
        "fields": {
            "bucket": 4.0,
            "collection": 113,
            "proportion": 0.24
        },
        "model": "api.numericpoint",
        "pk": 11304
    },
    {
        "fields": {
            "bucket": 8.0,
            "collection": 113,
            "proportion": 0.11
        },
        "model": "api.numericpoint",
        "pk": 11305
    },
    {
        "fields": {
            "bucket": 16.0,
            "collection": 113,
            "proportion": 0.08
        },
        "model": "api.numericpoint",
        "pk": 11306
    },
    {
        "fields": {
            "bucket": 32.0,
            "collection": 113,
            "proportion": 0.008
        },
        "model": "api.numericpoint",
        "pk": 11307
    },
    {
        "fields": {
            "bucket": 64.0,
            "collection": 113,
            "proportion": 0.001
        },
        "model": "api.numericpoint",
        "pk": 11308
    },
    {
        "fields": {
            "bucket": 128.0,
            "collection": 113,
            "proportion": 0.001
        },
        "model": "api.numericpoint",
        "pk": 11309
    },
    {
        "fields": {
            "bucket": 256.0,
            "collection": 113,
            "proportion": 0.0
        },
        "model": "api.numericpoint",
        "pk": 11310
    },
    {
        "fields": {
            "dataset": 1,
            "metric": 6,
            "num_observations": 1600,
            "population": "group A"
        },
        "model": "api.numericcollection",
        "pk": 112
    },
    {
        "fields": {
            "bucket": 0.0,
            "collection": 112,
            "proportion": 0.0
        },
        "model": "api.numericpoint",
        "pk": 11201
    },
    {
        "fields": {
            "bucket": 1.0,
            "collection": 112,
            "proportion": 0.001
        },
        "model": "api.numericpoint",
        "pk": 11202
    },
    {
        "fields": {
            "bucket": 2.0,
            "collection": 112,
            "proportion": 0.001
        },
        "model": "api.numericpoint",
        "pk": 11203
    },
    {
        "fields": {
            "bucket": 4.0,
            "collection": 112,
            "proportion": 0.008
        },
        "model": "api.numericpoint",
        "pk": 11204
    },
    {
        "fields": {
            "bucket": 8.0,
            "collection": 112,
            "proportion": 0.08
        },
        "model": "api.numericpoint",
        "pk": 11205
    },
    {
        "fields": {
            "bucket": 16.0,
            "collection": 112,
            "proportion": 0.26
        },
        "model": "api.numericpoint",
        "pk": 11206
    },
    {
        "fields": {
            "bucket": 32.0,
            "collection": 112,
            "proportion": 0.26
        },
        "model": "api.numericpoint",
        "pk": 11207
    },
    {
        "fields": {
            "bucket": 64.0,
            "collection": 112,
            "proportion": 0.19
        },
        "model": "api.numericpoint",
        "pk": 11208
    },
    {
        "fields": {
            "bucket": 128.0,
            "collection": 112,
            "proportion": 0.1
        },
        "model": "api.numericpoint",
        "pk": 11209
    },
    {
        "fields": {
            "bucket": 256.0,
            "collection": 112,
            "proportion": 0.1
        },
        "model": "api.numericpoint",
        "pk": 11210
    },
    {
        "fields": {
            "dataset": 1,
            "metric": 7,
            "num_observations": 1300,
            "population": "group A"
        },
        "model": "api.numericcollection",
        "pk": 111
    },
    {
        "fields": {
            "bucket": 0.0,
            "collection": 111,
            "proportion": 0.11
        },
        "model": "api.numericpoint",
        "pk": 11101
    },
    {
        "fields": {
            "bucket": 1.0,
            "collection": 111,
            "proportion": 0.21
        },
        "model": "api.numericpoint",
        "pk": 11102
    },
    {
        "fields": {
            "bucket": 2.0,
            "collection": 111,
            "proportion": 0.24
        },
        "model": "api.numericpoint",
        "pk": 11103
    },
    {
        "fields": {
            "bucket": 4.0,
            "collection": 111,
            "proportion": 0.24
        },
        "model": "api.numericpoint",
        "pk": 11104
    },
    {
        "fields": {
            "bucket": 8.0,
            "collection": 111,
            "proportion": 0.1
        },
        "model": "api.numericpoint",
        "pk": 11105
    },
    {
        "fields": {
            "bucket": 16.0,
            "collection": 111,
            "proportion": 0.09
        },
        "model": "api.numericpoint",
        "pk": 11106
    },
    {
        "fields": {
            "bucket": 32.0,
            "collection": 111,
            "proportion": 0.008
        },
        "model": "api.numericpoint",
        "pk": 11107
    },
    {
        "fields": {
            "bucket": 64.0,
            "collection": 111,
            "proportion": 0.001
        },
        "model": "api.numericpoint",
        "pk": 11108
    },
    {
        "fields": {
            "bucket": 128.0,
            "collection": 111,
            "proportion": 0.001
        },
        "model": "api.numericpoint",
        "pk": 11109
    },
    {
        "fields": {
            "bucket": 256.0,
            "collection": 111,
            "proportion": 0.0
        },
        "model": "api.numericpoint",
        "pk": 11110
    },
    {
        "fields": {
            "dataset": 1,
            "metric": 8,
            "num_observations": 1500,
            "population": "group A"
        },
        "model": "api.numericcollection",
        "pk": 110
    },
    {
        "fields": {
            "bucket": 0.0,
            "collection": 110,
            "proportion": 0.11
        },
        "model": "api.numericpoint",
        "pk": 11001
    },
    {
        "fields": {
            "bucket": 1.0,
            "collection": 110,
            "proportion": 0.21
        },
        "model": "api.numericpoint",
        "pk": 11002
    },
    {
        "fields": {
            "bucket": 2.0,
            "collection": 110,
            "proportion": 0.24
        },
        "model": "api.numericpoint",
        "pk": 11003
    },
    {
        "fields": {
            "bucket": 4.0,
            "collection": 110,
            "proportion": 0.25
        },
        "model": "api.numericpoint",
        "pk": 11004
    },
    {
        "fields": {
            "bucket": 8.0,
            "collection": 110,
            "proportion": 0.09
        },
        "model": "api.numericpoint",
        "pk": 11005
    },
    {
        "fields": {
            "bucket": 16.0,
            "collection": 110,
            "proportion": 0.09
        },
        "model": "api.numericpoint",
        "pk": 11006
    },
    {
        "fields": {
            "bucket": 32.0,
            "collection": 110,
            "proportion": 0.008
        },
        "model": "api.numericpoint",
        "pk": 11007
    },
    {
        "fields": {
            "bucket": 64.0,
            "collection": 110,
            "proportion": 0.001
        },
        "model": "api.numericpoint",
        "pk": 11008
    },
    {
        "fields": {
            "bucket": 128.0,
            "collection": 110,
            "proportion": 0.001
        },
        "model": "api.numericpoint",
        "pk": 11009
    },
    {
        "fields": {
            "bucket": 256.0,
            "collection": 110,
            "proportion": 0.0
        },
        "model": "api.numericpoint",
        "pk": 11010
    },
    {
        "fields": {
            "dataset": 1,
            "metric": 3,
            "num_observations": 12363,
            "population": "group A"
        },
        "model": "api.categorycollection",
        "pk": 321
    },
    {
        "fields": {
            "bucket": "Windows_NT",
            "collection": 321,
            "proportion": 0.84,
            "rank": 1
        },
        "model": "api.categorypoint",
        "pk": 851
    },
    {
        "fields": {
            "bucket": "Linux",
            "collection": 321,
            "proportion": 0.09,
            "rank": 2
        },
        "model": "api.categorypoint",
        "pk": 861
    },
    {
        "fields": {
            "bucket": "Darwin",
            "collection": 321,
            "proportion": 0.06,
            "rank": 3
        },
        "model": "api.categorypoint",
        "pk": 871
    },
    {
        "fields": {
            "bucket": "Windows_98",
            "collection": 321,
            "proportion": 0.01,
            "rank": 4
        },
        "model": "api.categorypoint",
        "pk": 881
    },
    {
        "fields": {
            "dataset": 1,
            "metric": 4,
            "num_observations": 12363,
            "population": "group A"
        },
        "model": "api.categorycollection",
        "pk": 311
    },
    {
        "fields": {
            "bucket": "x86",
            "collection": 311,
            "proportion": 0.85,
            "rank": 1
        },
        "model": "api.categorypoint",
        "pk": 821
    },
    {
        "fields": {
            "bucket": "x86-64",
            "collection": 311,
            "proportion": 0.14,
            "rank": 2
        },
        "model": "api.categorypoint",
        "pk": 831
    },
    {
        "fields": {
            "bucket": "arm",
            "collection": 311,
            "proportion": 0.01,
            "rank": 3
        },
        "model": "api.categorypoint",
        "pk": 841
    },
    {
        "fields": {
            "dataset": 2,
            "metric": 1,
            "num_observations": 10000,
            "population": "control"
        },
        "model": "api.numericcollection",
        "pk": 1105
    },
    {
        "fields": {
            "bucket": 0.0,
            "collection": 1105,
            "proportion": 0.1
        },
        "model": "api.numericpoint",
        "pk": 110501
    },
    {
        "fields": {
            "bucket": 1.0,
            "collection": 1105,
            "proportion": 0.2
        },
        "model": "api.numericpoint",
        "pk": 110502
    },
    {
        "fields": {
            "bucket": 2.0,
            "collection": 1105,
            "proportion": 0.25
        },
        "model": "api.numericpoint",
        "pk": 110503
    },
    {
        "fields": {
            "bucket": 4.0,
            "collection": 1105,
            "proportion": 0.25
        },
        "model": "api.numericpoint",
        "pk": 110504
    },
    {
        "fields": {
            "bucket": 8.0,
            "collection": 1105,
            "proportion": 0.1
        },
        "model": "api.numericpoint",
        "pk": 110505
    },
    {
        "fields": {
            "bucket": 16.0,
            "collection": 1105,
            "proportion": 0.09
        },
        "model": "api.numericpoint",
        "pk": 110506
    },
    {
        "fields": {
            "bucket": 32.0,
            "collection": 1105,
            "proportion": 0.008
        },
        "model": "api.numericpoint",
        "pk": 110507
    },
    {
        "fields": {
            "bucket": 64.0,
            "collection": 1105,
            "proportion": 0.001
        },
        "model": "api.numericpoint",
        "pk": 110508
    },
    {
        "fields": {
            "bucket": 128.0,
            "collection": 1105,
            "proportion": 0.001
        },
        "model": "api.numericpoint",
        "pk": 110509
    },
    {
        "fields": {
            "bucket": 256.0,
            "collection": 1105,
            "proportion": 0.0
        },
        "model": "api.numericpoint",
        "pk": 110510
    },
    {
        "fields": {
            "dataset": 2,
            "metric": 2,
            "num_observations": 11000,
            "population": "control"
        },
        "model": "api.numericcollection",
        "pk": 1104
    },
    {
        "fields": {
            "bucket": 0.0,
            "collection": 1104,
            "proportion": 0.1
        },
        "model": "api.numericpoint",
        "pk": 110401
    },
    {
        "fields": {
            "bucket": 1.0,
            "collection": 1104,
            "proportion": 0.2
        },
        "model": "api.numericpoint",
        "pk": 110402
    },
    {
        "fields": {
            "bucket": 2.0,
            "collection": 1104,
            "proportion": 0.25
        },
        "model": "api.numericpoint",
        "pk": 110403
    },
    {
        "fields": {
            "bucket": 4.0,
            "collection": 1104,
            "proportion": 0.25
        },
        "model": "api.numericpoint",
        "pk": 110404
    },
    {
        "fields": {
            "bucket": 8.0,
            "collection": 1104,
            "proportion": 0.1
        },
        "model": "api.numericpoint",
        "pk": 110405
    },
    {
        "fields": {
            "bucket": 16.0,
            "collection": 1104,
            "proportion": 0.09
        },
        "model": "api.numericpoint",
        "pk": 110406
    },
    {
        "fields": {
            "bucket": 32.0,
            "collection": 1104,
            "proportion": 0.008
        },
        "model": "api.numericpoint",
        "pk": 110407
    },
    {
        "fields": {
            "bucket": 64.0,
            "collection": 1104,
            "proportion": 0.001
        },
        "model": "api.numericpoint",
        "pk": 110408
    },
    {
        "fields": {
            "bucket": 128.0,
            "collection": 1104,
            "proportion": 0.001
        },
        "model": "api.numericpoint",
        "pk": 110409
    },
    {
        "fields": {
            "bucket": 256.0,
            "collection": 1104,
            "proportion": 0.0
        },
        "model": "api.numericpoint",
        "pk": 110410
    },
    {
        "fields": {
            "dataset": 2,
            "metric": 5,
            "num_observations": 12000,
            "population": "control"
        },
        "model": "api.numericcollection",
        "pk": 1103
    },
    {
        "fields": {
            "bucket": 0.0,
            "collection": 1103,
            "proportion": 0.1
        },
        "model": "api.numericpoint",
        "pk": 110301
    },
    {
        "fields": {
            "bucket": 1.0,
            "collection": 1103,
            "proportion": 0.2
        },
        "model": "api.numericpoint",
        "pk": 110302
    },
    {
        "fields": {
            "bucket": 2.0,
            "collection": 1103,
            "proportion": 0.25
        },
        "model": "api.numericpoint",
        "pk": 110303
    },
    {
        "fields": {
            "bucket": 4.0,
            "collection": 1103,
            "proportion": 0.25
        },
        "model": "api.numericpoint",
        "pk": 110304
    },
    {
        "fields": {
            "bucket": 8.0,
            "collection": 1103,
            "proportion": 0.1
        },
        "model": "api.numericpoint",
        "pk": 110305
    },
    {
        "fields": {
            "bucket": 16.0,
            "collection": 1103,
            "proportion": 0.09
        },
        "model": "api.numericpoint",
        "pk": 110306
    },
    {
        "fields": {
            "bucket": 32.0,
            "collection": 1103,
            "proportion": 0.008
        },
        "model": "api.numericpoint",
        "pk": 110307
    },
    {
        "fields": {
            "bucket": 64.0,
            "collection": 1103,
            "proportion": 0.001
        },
        "model": "api.numericpoint",
        "pk": 110308
    },
    {
        "fields": {
            "bucket": 128.0,
            "collection": 1103,
            "proportion": 0.001
        },
        "model": "api.numericpoint",
        "pk": 110309
    },
    {
        "fields": {
            "bucket": 256.0,
            "collection": 1103,
            "proportion": 0.0
        },
        "model": "api.numericpoint",
        "pk": 110310
    },
    {
        "fields": {
            "dataset": 2,
            "metric": 6,
            "num_observations": 16000,
            "population": "control"
        },
        "model": "api.numericcollection",
        "pk": 1102
    },
    {
        "fields": {
            "bucket": 0.0,
            "collection": 1102,
            "proportion": 0.0
        },
        "model": "api.numericpoint",
        "pk": 110201
    },
    {
        "fields": {
            "bucket": 1.0,
            "collection": 1102,
            "proportion": 0.001
        },
        "model": "api.numericpoint",
        "pk": 110202
    },
    {
        "fields": {
            "bucket": 2.0,
            "collection": 1102,
            "proportion": 0.001
        },
        "model": "api.numericpoint",
        "pk": 110203
    },
    {
        "fields": {
            "bucket": 4.0,
            "collection": 1102,
            "proportion": 0.008
        },
        "model": "api.numericpoint",
        "pk": 110204
    },
    {
        "fields": {
            "bucket": 8.0,
            "collection": 1102,
            "proportion": 0.09
        },
        "model": "api.numericpoint",
        "pk": 110205
    },
    {
        "fields": {
            "bucket": 16.0,
            "collection": 1102,
            "proportion": 0.25
        },
        "model": "api.numericpoint",
        "pk": 110206
    },
    {
        "fields": {
            "bucket": 32.0,
            "collection": 1102,
            "proportion": 0.25
        },
        "model": "api.numericpoint",
        "pk": 110207
    },
    {
        "fields": {
            "bucket": 64.0,
            "collection": 1102,
            "proportion": 0.2
        },
        "model": "api.numericpoint",
        "pk": 110208
    },
    {
        "fields": {
            "bucket": 128.0,
            "collection": 1102,
            "proportion": 0.1
        },
        "model": "api.numericpoint",
        "pk": 110209
    },
    {
        "fields": {
            "bucket": 256.0,
            "collection": 1102,
            "proportion": 0.1
        },
        "model": "api.numericpoint",
        "pk": 110210
    },
    {
        "fields": {
            "dataset": 2,
            "metric": 7,
            "num_observations": 13000,
            "population": "control"
        },
        "model": "api.numericcollection",
        "pk": 1101
    },
    {
        "fields": {
            "bucket": 0.0,
            "collection": 1101,
            "proportion": 0.1
        },
        "model": "api.numericpoint",
        "pk": 110101
    },
    {
        "fields": {
            "bucket": 1.0,
            "collection": 1101,
            "proportion": 0.2
        },
        "model": "api.numericpoint",
        "pk": 110102
    },
    {
        "fields": {
            "bucket": 2.0,
            "collection": 1101,
            "proportion": 0.25
        },
        "model": "api.numericpoint",
        "pk": 110103
    },
    {
        "fields": {
            "bucket": 4.0,
            "collection": 1101,
            "proportion": 0.25
        },
        "model": "api.numericpoint",
        "pk": 110104
    },
    {
        "fields": {
            "bucket": 8.0,
            "collection": 1101,
            "proportion": 0.1
        },
        "model": "api.numericpoint",
        "pk": 110105
    },
    {
        "fields": {
            "bucket": 16.0,
            "collection": 1101,
            "proportion": 0.09
        },
        "model": "api.numericpoint",
        "pk": 110106
    },
    {
        "fields": {
            "bucket": 32.0,
            "collection": 1101,
            "proportion": 0.008
        },
        "model": "api.numericpoint",
        "pk": 110107
    },
    {
        "fields": {
            "bucket": 64.0,
            "collection": 1101,
            "proportion": 0.001
        },
        "model": "api.numericpoint",
        "pk": 110108
    },
    {
        "fields": {
            "bucket": 128.0,
            "collection": 1101,
            "proportion": 0.001
        },
        "model": "api.numericpoint",
        "pk": 110109
    },
    {
        "fields": {
            "bucket": 256.0,
            "collection": 1101,
            "proportion": 0.0
        },
        "model": "api.numericpoint",
        "pk": 110110
    },
    {
        "fields": {
            "dataset": 2,
            "metric": 8,
            "num_observations": 15000,
            "population": "control"
        },
        "model": "api.numericcollection",
        "pk": 1100
    },
    {
        "fields": {
            "bucket": 0.0,
            "collection": 1100,
            "proportion": 0.1
        },
        "model": "api.numericpoint",
        "pk": 110001
    },
    {
        "fields": {
            "bucket": 1.0,
            "collection": 1100,
            "proportion": 0.2
        },
        "model": "api.numericpoint",
        "pk": 110002
    },
    {
        "fields": {
            "bucket": 2.0,
            "collection": 1100,
            "proportion": 0.25
        },
        "model": "api.numericpoint",
        "pk": 110003
    },
    {
        "fields": {
            "bucket": 4.0,
            "collection": 1100,
            "proportion": 0.25
        },
        "model": "api.numericpoint",
        "pk": 110004
    },
    {
        "fields": {
            "bucket": 8.0,
            "collection": 1100,
            "proportion": 0.1
        },
        "model": "api.numericpoint",
        "pk": 110005
    },
    {
        "fields": {
            "bucket": 16.0,
            "collection": 1100,
            "proportion": 0.09
        },
        "model": "api.numericpoint",
        "pk": 110006
    },
    {
        "fields": {
            "bucket": 32.0,
            "collection": 1100,
            "proportion": 0.008
        },
        "model": "api.numericpoint",
        "pk": 110007
    },
    {
        "fields": {
            "bucket": 64.0,
            "collection": 1100,
            "proportion": 0.001
        },
        "model": "api.numericpoint",
        "pk": 110008
    },
    {
        "fields": {
            "bucket": 128.0,
            "collection": 1100,
            "proportion": 0.001
        },
        "model": "api.numericpoint",
        "pk": 110009
    },
    {
        "fields": {
            "bucket": 256.0,
            "collection": 1100,
            "proportion": 0.0
        },
        "model": "api.numericpoint",
        "pk": 110010
    },
    {
        "fields": {
            "dataset": 2,
            "metric": 3,
            "num_observations": 12363,
            "population": "control"
        },
        "model": "api.categorycollection",
        "pk": 132
    },
    {
        "fields": {
            "bucket": "Windows_NT",
            "collection": 132,
            "proportion": 0.85,
            "rank": 1
        },
        "model": "api.categorypoint",
        "pk": 185
    },
    {
        "fields": {
            "bucket": "Linux",
            "collection": 132,
            "proportion": 0.10,
            "rank": 2
        },
        "model": "api.categorypoint",
        "pk": 186
    },
    {
        "fields": {
            "bucket": "Darwin",
            "collection": 132,
            "proportion": 0.04,
            "rank": 3
        },
        "model": "api.categorypoint",
        "pk": 187
    },
    {
        "fields": {
            "bucket": "Windows_98",
            "collection": 132,
            "proportion": 0.01,
            "rank": 4
        },
        "model": "api.categorypoint",
        "pk": 188
    },
    {
        "fields": {
            "dataset": 2,
            "metric": 4,
            "num_observations": 12363,
            "population": "control"
        },
        "model": "api.categorycollection",
        "pk": 131
    },
    {
        "fields": {
            "bucket": "x86",
            "collection": 131,
            "proportion": 0.85,
            "rank": 1
        },
        "model": "api.categorypoint",
        "pk": 182
    },
    {
        "fields": {
            "bucket": "x86-64",
            "collection": 131,
            "proportion": 0.14,
            "rank": 2
        },
        "model": "api.categorypoint",
        "pk": 183
    },
    {
        "fields": {
            "bucket": "arm",
            "collection": 131,
            "proportion": 0.01,
            "rank": 3
        },
        "model": "api.categorypoint",
        "pk": 184
    },
    {
        "fields": {
            "dataset": 2,
            "metric": 1,
            "num_observations": 1000,
            "population": "group A"
        },
        "model": "api.numericcollection",
        "pk": 1115
    },
    {
        "fields": {
            "bucket": 0.0,
            "collection": 1115,
            "proportion": 0.09
        },
        "model": "api.numericpoint",
        "pk": 111501
    },
    {
        "fields": {
            "bucket": 1.0,
            "collection": 1115,
            "proportion": 0.21
        },
        "model": "api.numericpoint",
        "pk": 111502
    },
    {
        "fields": {
            "bucket": 2.0,
            "collection": 1115,
            "proportion": 0.25
        },
        "model": "api.numericpoint",
        "pk": 111503
    },
    {
        "fields": {
            "bucket": 4.0,
            "collection": 1115,
            "proportion": 0.25
        },
        "model": "api.numericpoint",
        "pk": 111504
    },
    {
        "fields": {
            "bucket": 8.0,
            "collection": 1115,
            "proportion": 0.1
        },
        "model": "api.numericpoint",
        "pk": 111505
    },
    {
        "fields": {
            "bucket": 16.0,
            "collection": 1115,
            "proportion": 0.09
        },
        "model": "api.numericpoint",
        "pk": 111506
    },
    {
        "fields": {
            "bucket": 32.0,
            "collection": 1115,
            "proportion": 0.008
        },
        "model": "api.numericpoint",
        "pk": 111507
    },
    {
        "fields": {
            "bucket": 64.0,
            "collection": 1115,
            "proportion": 0.001
        },
        "model": "api.numericpoint",
        "pk": 111508
    },
    {
        "fields": {
            "bucket": 128.0,
            "collection": 1115,
            "proportion": 0.001
        },
        "model": "api.numericpoint",
        "pk": 111509
    },
    {
        "fields": {
            "bucket": 256.0,
            "collection": 1115,
            "proportion": 0.0
        },
        "model": "api.numericpoint",
        "pk": 111510
    },
    {
        "fields": {
            "dataset": 2,
            "metric": 2,
            "num_observations": 1100,
            "population": "group A"
        },
        "model": "api.numericcollection",
        "pk": 1114
    },
    {
        "fields": {
            "bucket": 0.0,
            "collection": 1114,
            "proportion": 0.1
        },
        "model": "api.numericpoint",
        "pk": 111401
    },
    {
        "fields": {
            "bucket": 1.0,
            "collection": 1114,
            "proportion": 0.21
        },
        "model": "api.numericpoint",
        "pk": 111402
    },
    {
        "fields": {
            "bucket": 2.0,
            "collection": 1114,
            "proportion": 0.24
        },
        "model": "api.numericpoint",
        "pk": 111403
    },
    {
        "fields": {
            "bucket": 4.0,
            "collection": 1114,
            "proportion": 0.26
        },
        "model": "api.numericpoint",
        "pk": 111404
    },
    {
        "fields": {
            "bucket": 8.0,
            "collection": 1114,
            "proportion": 0.11
        },
        "model": "api.numericpoint",
        "pk": 111405
    },
    {
        "fields": {
            "bucket": 16.0,
            "collection": 1114,
            "proportion": 0.09
        },
        "model": "api.numericpoint",
        "pk": 111406
    },
    {
        "fields": {
            "bucket": 32.0,
            "collection": 1114,
            "proportion": 0.008
        },
        "model": "api.numericpoint",
        "pk": 111407
    },
    {
        "fields": {
            "bucket": 64.0,
            "collection": 1114,
            "proportion": 0.001
        },
        "model": "api.numericpoint",
        "pk": 111408
    },
    {
        "fields": {
            "bucket": 128.0,
            "collection": 1114,
            "proportion": 0.001
        },
        "model": "api.numericpoint",
        "pk": 111409
    },
    {
        "fields": {
            "bucket": 256.0,
            "collection": 1114,
            "proportion": 0.0
        },
        "model": "api.numericpoint",
        "pk": 111410
    },
    {
        "fields": {
            "dataset": 2,
            "metric": 5,
            "num_observations": 12000,
            "population": "group A"
        },
        "model": "api.numericcollection",
        "pk": 1113
    },
    {
        "fields": {
            "bucket": 0.0,
            "collection": 1113,
            "proportion": 0.1
        },
        "model": "api.numericpoint",
        "pk": 111301
    },
    {
        "fields": {
            "bucket": 1.0,
            "collection": 1113,
            "proportion": 0.2
        },
        "model": "api.numericpoint",
        "pk": 111302
    },
    {
        "fields": {
            "bucket": 2.0,
            "collection": 1113,
            "proportion": 0.26
        },
        "model": "api.numericpoint",
        "pk": 111303
    },
    {
        "fields": {
            "bucket": 4.0,
            "collection": 1113,
            "proportion": 0.24
        },
        "model": "api.numericpoint",
        "pk": 111304
    },
    {
        "fields": {
            "bucket": 8.0,
            "collection": 1113,
            "proportion": 0.11
        },
        "model": "api.numericpoint",
        "pk": 111305
    },
    {
        "fields": {
            "bucket": 16.0,
            "collection": 1113,
            "proportion": 0.08
        },
        "model": "api.numericpoint",
        "pk": 111306
    },
    {
        "fields": {
            "bucket": 32.0,
            "collection": 1113,
            "proportion": 0.008
        },
        "model": "api.numericpoint",
        "pk": 111307
    },
    {
        "fields": {
            "bucket": 64.0,
            "collection": 1113,
            "proportion": 0.001
        },
        "model": "api.numericpoint",
        "pk": 111308
    },
    {
        "fields": {
            "bucket": 128.0,
            "collection": 1113,
            "proportion": 0.001
        },
        "model": "api.numericpoint",
        "pk": 111309
    },
    {
        "fields": {
            "bucket": 256.0,
            "collection": 1113,
            "proportion": 0.0
        },
        "model": "api.numericpoint",
        "pk": 111310
    },
    {
        "fields": {
            "dataset": 2,
            "metric": 6,
            "num_observations": 1600,
            "population": "group A"
        },
        "model": "api.numericcollection",
        "pk": 1112
    },
    {
        "fields": {
            "bucket": 0.0,
            "collection": 1112,
            "proportion": 0.0
        },
        "model": "api.numericpoint",
        "pk": 111201
    },
    {
        "fields": {
            "bucket": 1.0,
            "collection": 1112,
            "proportion": 0.001
        },
        "model": "api.numericpoint",
        "pk": 111202
    },
    {
        "fields": {
            "bucket": 2.0,
            "collection": 1112,
            "proportion": 0.001
        },
        "model": "api.numericpoint",
        "pk": 111203
    },
    {
        "fields": {
            "bucket": 4.0,
            "collection": 1112,
            "proportion": 0.008
        },
        "model": "api.numericpoint",
        "pk": 111204
    },
    {
        "fields": {
            "bucket": 8.0,
            "collection": 1112,
            "proportion": 0.08
        },
        "model": "api.numericpoint",
        "pk": 111205
    },
    {
        "fields": {
            "bucket": 16.0,
            "collection": 1112,
            "proportion": 0.26
        },
        "model": "api.numericpoint",
        "pk": 111206
    },
    {
        "fields": {
            "bucket": 32.0,
            "collection": 1112,
            "proportion": 0.26
        },
        "model": "api.numericpoint",
        "pk": 111207
    },
    {
        "fields": {
            "bucket": 64.0,
            "collection": 1112,
            "proportion": 0.19
        },
        "model": "api.numericpoint",
        "pk": 111208
    },
    {
        "fields": {
            "bucket": 128.0,
            "collection": 1112,
            "proportion": 0.1
        },
        "model": "api.numericpoint",
        "pk": 111209
    },
    {
        "fields": {
            "bucket": 256.0,
            "collection": 1112,
            "proportion": 0.1
        },
        "model": "api.numericpoint",
        "pk": 111210
    },
    {
        "fields": {
            "dataset": 2,
            "metric": 7,
            "num_observations": 1300,
            "population": "group A"
        },
        "model": "api.numericcollection",
        "pk": 1111
    },
    {
        "fields": {
            "bucket": 0.0,
            "collection": 1111,
            "proportion": 0.11
        },
        "model": "api.numericpoint",
        "pk": 111101
    },
    {
        "fields": {
            "bucket": 1.0,
            "collection": 1111,
            "proportion": 0.21
        },
        "model": "api.numericpoint",
        "pk": 111102
    },
    {
        "fields": {
            "bucket": 2.0,
            "collection": 1111,
            "proportion": 0.24
        },
        "model": "api.numericpoint",
        "pk": 111103
    },
    {
        "fields": {
            "bucket": 4.0,
            "collection": 1111,
            "proportion": 0.24
        },
        "model": "api.numericpoint",
        "pk": 111104
    },
    {
        "fields": {
            "bucket": 8.0,
            "collection": 1111,
            "proportion": 0.1
        },
        "model": "api.numericpoint",
        "pk": 111105
    },
    {
        "fields": {
            "bucket": 16.0,
            "collection": 1111,
            "proportion": 0.09
        },
        "model": "api.numericpoint",
        "pk": 111106
    },
    {
        "fields": {
            "bucket": 32.0,
            "collection": 1111,
            "proportion": 0.008
        },
        "model": "api.numericpoint",
        "pk": 111107
    },
    {
        "fields": {
            "bucket": 64.0,
            "collection": 1111,
            "proportion": 0.001
        },
        "model": "api.numericpoint",
        "pk": 111108
    },
    {
        "fields": {
            "bucket": 128.0,
            "collection": 1111,
            "proportion": 0.001
        },
        "model": "api.numericpoint",
        "pk": 111109
    },
    {
        "fields": {
            "bucket": 256.0,
            "collection": 1111,
            "proportion": 0.0
        },
        "model": "api.numericpoint",
        "pk": 111110
    },
    {
        "fields": {
            "dataset": 2,
            "metric": 8,
            "num_observations": 1500,
            "population": "group A"
        },
        "model": "api.numericcollection",
        "pk": 1110
    },
    {
        "fields": {
            "bucket": 0.0,
            "collection": 1110,
            "proportion": 0.11
        },
        "model": "api.numericpoint",
        "pk": 111001
    },
    {
        "fields": {
            "bucket": 1.0,
            "collection": 1110,
            "proportion": 0.21
        },
        "model": "api.numericpoint",
        "pk": 111002
    },
    {
        "fields": {
            "bucket": 2.0,
            "collection": 1110,
            "proportion": 0.24
        },
        "model": "api.numericpoint",
        "pk": 111003
    },
    {
        "fields": {
            "bucket": 4.0,
            "collection": 1110,
            "proportion": 0.25
        },
        "model": "api.numericpoint",
        "pk": 111004
    },
    {
        "fields": {
            "bucket": 8.0,
            "collection": 1110,
            "proportion": 0.09
        },
        "model": "api.numericpoint",
        "pk": 111005
    },
    {
        "fields": {
            "bucket": 16.0,
            "collection": 1110,
            "proportion": 0.09
        },
        "model": "api.numericpoint",
        "pk": 111006
    },
    {
        "fields": {
            "bucket": 32.0,
            "collection": 1110,
            "proportion": 0.008
        },
        "model": "api.numericpoint",
        "pk": 111007
    },
    {
        "fields": {
            "bucket": 64.0,
            "collection": 1110,
            "proportion": 0.001
        },
        "model": "api.numericpoint",
        "pk": 111008
    },
    {
        "fields": {
            "bucket": 128.0,
            "collection": 1110,
            "proportion": 0.001
        },
        "model": "api.numericpoint",
        "pk": 111009
    },
    {
        "fields": {
            "bucket": 256.0,
            "collection": 1110,
            "proportion": 0.0
        },
        "model": "api.numericpoint",
        "pk": 111010
    },
    {
        "fields": {
            "dataset": 2,
            "metric": 3,
            "num_observations": 12363,
            "population": "group A"
        },
        "model": "api.categorycollection",
        "pk": 1321
    },
    {
        "fields": {
            "bucket": "Windows_NT",
            "collection": 1321,
            "proportion": 0.84,
            "rank": 1
        },
        "model": "api.categorypoint",
        "pk": 1851
    },
    {
        "fields": {
            "bucket": "Linux",
            "collection": 1321,
            "proportion": 0.09,
            "rank": 2
        },
        "model": "api.categorypoint",
        "pk": 1861
    },
    {
        "fields": {
            "bucket": "Darwin",
            "collection": 1321,
            "proportion": 0.06,
            "rank": 3
        },
        "model": "api.categorypoint",
        "pk": 1871
    },
    {
        "fields": {
            "bucket": "Windows_98",
            "collection": 1321,
            "proportion": 0.01,
            "rank": 4
        },
        "model": "api.categorypoint",
        "pk": 1881
    },
    {
        "fields": {
            "dataset": 2,
            "metric": 4,
            "num_observations": 12363,
            "population": "group A"
        },
        "model": "api.categorycollection",
        "pk": 1311
    },
    {
        "fields": {
            "bucket": "x86",
            "collection": 1311,
            "proportion": 0.85,
            "rank": 1
        },
        "model": "api.categorypoint",
        "pk": 1821
    },
    {
        "fields": {
            "bucket": "x86-64",
            "collection": 1311,
            "proportion": 0.14,
            "rank": 2
        },
        "model": "api.categorypoint",
        "pk": 1831
    },
    {
        "fields": {
            "bucket": "arm",
            "collection": 1311,
            "proportion": 0.01,
            "rank": 3
        },
        "model": "api.categorypoint",
        "pk": 1841
    }
]
